{
	"name": "AlphaTrends SMS Twilio WP Plugin",
	"version": "1.2",
	"download_url": "https://srv-file7.gofile.io/download/ZkKOjH/twilio-gloss.zip",

	"homepage": "https://www.glosstech.io/",
	"requires": "4.5",
	"tested": "5.2.3,
	"last_updated": "2019-11-09 20:17:00",
	"upgrade_notice": "Here's why you should upgrade...",

	"author": "Romeo Asis Jr",
	"author_homepage": "https://www.glosstech.io/",

	"sections": {
		"description": "This Plugin is Created By GlossTech For AlphaTrends",
		"installation": "Just Upload the twilio-gloss.zip to wp-content and activate the plugin",
		"changelog": "1.1 - Add Premium and Basic PMPro Level Filter, Fix PMPRO Levels Checkbox on Bulk SMS, Add SweetAlert, Add -End of Day Videos- and -Mid Day Video Updates- Settings, Polish SMS API Twilio Triggers for Bulk SMS",
		"credits": "This Plugin is created by Romeo Asis Jr'."
	},

	"icons" : {
		"1x" : "https://srv-file7.gofile.io/download/5yPn5C/fav-128.png",
		"2x" : "https://srv-file7.gofile.io/download/5yPn5C/fav-256.png"
    },

	"banners": {
		"low": "https://srv-file7.gofile.io/download/5yPn5C/banner-772x250.png",
		"high": "https://srv-file7.gofile.io/download/5yPn5C/banner-1544x500.png"
	},

	"translations": [

	],

	"rating": 90,
	"num_ratings": 123,

	"downloaded": 1234,
	"active_installs": 12345
}
